host,rank,reason
akamai.net,6,unresolvable
ezviz7.com,14,unresolvable
domaincontrol.com,15,private_dns
akamaiedge.net,20,unresolvable
akadns.net,24,unresolvable
hicloudcam.com,25,unresolvable
gtld-servers.net,28,unresolvable
apple-dns.net,34,unresolvable
aaplimg.com,35,unresolvable
office.net,40,unresolvable
trafficmanager.net,41,unresolvable
microsoftonline.com,42,unresolvable
cloudfront.net,45,unresolvable
gvt1.com,61,unresolvable
windowsupdate.com,65,unresolvable
pv-cdn.net,67,unresolvable
root-servers.net,74,unresolvable
akam.net,77,unresolvable
tiktokcdn.com,78,unresolvable
edgekey.net,79,unresolvable
gvt2.com,89,unresolvable
cdninstagram.com,90,unresolvable
gwfb.net,92,unresolvable
a2z.com,93,unresolvable
highwebmedia.com,97,unresolvable
ytimg.com,105,unresolvable
yccdn.ru,107,unresolvable
edgesuite.net,111,unresolvable
aws.dev,117,unresolvable
cdn77.org,125,unresolvable
dnsowl.com,126,unresolvable
3gppnetwork.org,132,unresolvable
amazon.dev,134,unresolvable
static.microsoft,140,unresolvable
azurefd.net,150,unresolvable
dns-parking.com,153,unresolvable
iiko.it,157,unresolvable
jomodns.com,159,unresolvable
tm-azurefd.net,161,unresolvable
msftncsi.com,163,unresolvable
hichina.com,164,unresolvable
fastly-edge.com,167,unresolvable
msftconnecttest.com,168,unresolvable
ax-msedge.net,172,unresolvable
azurewebsites.net,174,unresolvable
yandexcloud.net,177,unresolvable
steamserver.net,180,unresolvable
namebrightdns.com,182,unresolvable
doctolib.net,186,unresolvable
paytmfirstgames.com,188,unresolvable
vedcdnlb.com,189,unresolvable
akamaized.net,191,unresolvable
nflxso.net,192,unresolvable
2mdn.net,193,unresolvable
shiabank.com,200,unresolvable
cdn-apple.com,206,unresolvable
bytefcdn-oversea.com,208,unresolvable
ggpht.com,209,unresolvable
ksyuncdn.com,216,unresolvable
ttdns2.com,218,unresolvable
miit.gov.cn,223,unresolvable
sfx.ms,235,unresolvable
azureedge.net,240,unresolvable
rbxcdn.com,253,unresolvable
wsdvs.com,254,unresolvable
spov-msedge.net,255,unresolvable
media-amazon.com,256,unresolvable
omtrdc.net,258,unresolvable
capcutapi.com,259,unresolvable
playstation.net,260,unresolvable
name-services.com,268,unresolvable
alibabadns.com,273,unresolvable
mtgglobals.com,274,unresolvable
wixsite.com,276,unresolvable
nr-data.net,278,unresolvable
ripn.net,282,unresolvable
ttvnw.net,283,unresolvable
aliyuncsslbintl.com,288,unresolvable
awswaf.com,302,unresolvable
facebook.net,304,unresolvable
licdn.com,305,unresolvable
tiktokcdn-us.com,310,unresolvable
byteoversea.net,315,unresolvable
wac-msedge.net,323,unresolvable
douyincdn.com,324,unresolvable
heytapmobile.com,328,unresolvable
samsungqbe.com,331,unresolvable
akamaihd.net,343,unresolvable
avcdn.net,362,unresolvable
allawnos.com,371,unresolvable
volcfcdndvs.com,381,unresolvable
cdnbuild.net,384,unresolvable
spo-msedge.net,388,unresolvable
samsungcloudsolution.com,389,unresolvable
xcal.tv,390,unresolvable
gandi-ns.fr,392,unresolvable
virginm.net,394,unresolvable
tiktokv.us,395,unresolvable
vecdnlb.com,397,unresolvable
online-metrix.net,407,unresolvable
ibyteimg.com,408,unresolvable
shopifysvc.com,410,unresolvable
demdex.net,411,unresolvable
kwai-pro.com,414,unresolvable
whecloud.com,419,unresolvable
heytapdl.com,424,unresolvable
beian.gov.cn,426,unresolvable
rocket-cdn.com,427,unresolvable
tiktokv.eu,431,unresolvable
tiktokcdn-eu.com,435,unresolvable
kaspersky-labs.com,439,private_dns
pangle.io,440,unresolvable
tencent-cloud.net,445,private_dns
scdn.co,446,unresolvable
kwaipros.com,448,unresolvable
awsglobalaccelerator.com,450,unresolvable
dotaplabs.net,457,unresolvable
myqcloud.com,462,private_dns
vercel-dns-016.com,466,unresolvable
byteglb.com,474,unresolvable
edgcdn.net,477,unresolvable
dual-s-msedge.net,485,unresolvable
h264.io,490,unresolvable
bdydns.com,495,unresolvable
enacdn.net,497,unresolvable
googletagservices.com,501,unresolvable
impervadns.net,505,unresolvable
sc-gw.com,506,unresolvable
ui-dns.com,514,unresolvable
wswebcdn.com,527,unresolvable
on.aws,531,unresolvable
squarespacedns.com,533,unresolvable
ipv4only.arpa,538,private_dns
exp-tas.com,540,unresolvable
adobedtm.com,542,unresolvable
azure-dns.com,544,unresolvable
myhuaweicloud.com,553,unresolvable
adobedc.net,557,unresolvable
nstld.com,568,unresolvable
vidaahub.com,575,unresolvable
share-dns.com,576,unresolvable
live.net,577,unresolvable
vercel-dns-3.com,580,unresolvable
qlivecdn.com,585,unresolvable
akamaitech.net,586,unresolvable
libp2p.direct,587,unresolvable
svc.ms,588,unresolvable
hicloud.com,594,unresolvable
yahoodns.net,595,unresolvable
bx-msedge.net,599,unresolvable
my.com,608,unresolvable
cdn20.com,609,unresolvable
vercel-dns-017.com,610,unresolvable
t-msedge.net,611,unresolvable
rlcdn.com,613,unresolvable
e2ro.com,623,unresolvable
supertms.com,636,unresolvable
bytedns1.com,642,unresolvable
msidentity.com,647,unresolvable
resolver.arpa,657,unresolvable
easebar.com,658,unresolvable
footprintdns.com,660,unresolvable
bidswitch.net,664,unresolvable
ks-cdn.com,665,unresolvable
bunnyinfra.net,676,unresolvable
twimg.com,704,unresolvable
samsungacr.com,713,unresolvable
vedsalb.com,714,unresolvable
googlezip.net,715,unresolvable
smaato.net,716,unresolvable
geobasket.ru,720,unresolvable
nel.goog,731,unresolvable
bamgrid.com,735,unresolvable
nmrodam.com,743,unresolvable
grammarly.io,744,unresolvable
githubusercontent.com,746,unresolvable
safebrowsing.apple,753,unresolvable
bidr.io,754,unresolvable
1rx.io,755,unresolvable
agkn.com,756,unresolvable
dbankcloud.com,757,unresolvable
imrworldwide.com,759,unresolvable
keenetic.io,762,unresolvable
nintendo.net,764,unresolvable
pvp.net,771,unresolvable
cmediahub.ru,772,unresolvable
criteo.net,774,unresolvable
orderbox-dns.com,775,unresolvable
steamstatic.com,781,unresolvable
cdnhwc1.com,782,unresolvable
usgovcloudapi.net,790,unresolvable
herokudns.com,791,unresolvable
sc-cdn.net,795,unresolvable
tiktokpangle.us,796,unresolvable
ovscdns.com,798,unresolvable
liadm.com,807,unresolvable
samsungosp.com,830,unresolvable
grab.co,832,unresolvable
turn.com,840,unresolvable
goskope.com,844,unresolvable
cloudsink.net,848,unresolvable
msftauth.net,875,unresolvable
cdn-vk.ru,880,unresolvable
yellowblue.io,881,unresolvable
adgrx.com,882,unresolvable
wcdnga.com,885,unresolvable
dnse0.com,886,unresolvable
ssl-images-amazon.com,894,unresolvable
spotifycdn.com,897,unresolvable
azure-devices.net,900,unresolvable
a-msedge.net,901,unresolvable
bytefcdn.com,905,unresolvable
dnse2.com,908,unresolvable
immedia-semi.com,923,unresolvable
volcgslb.com,926,unresolvable
tiktokw.us,937,unresolvable
dbankcloud.ru,941,unresolvable
go-mpulse.net,951,unresolvable
queniuaa.com,957,unresolvable
zenecn.net,965,unresolvable
4dex.io,969,unresolvable
cdnhwc2.com,970,unresolvable
t-s1-msedge.net,974,unresolvable
zpath.net,986,unresolvable
transsion-os.com,996,unresolvable
nexthink.cloud,997,unresolvable
